Freedom_to_Make_Decisions,2018 SOC Code,Occupation,Structured_v_Unstructured,Time_Pressure,Regular_Schedule,Independence,2010 Census Code
100,29-1213,Dermatologists,94,70,0,100,3060
100,29-1215,Family Medicine Physicians,87,93,0,100,3060
100,23-1023,"Judges, Magistrate Judges, and Magistrates",98,93,0,100,2110
100,29-1024,Prosthodontists,93,77,6,100,3010
100,29-1229,Sports Medicine Physicians,94,72,27,100,3060
99,45-2021,Animal Breeders,94,36,21,99,6020
99,23-1022,"Arbitrators, Mediators, and Conciliators",90,68,39,99,2110
99,25-1042,"Biological Science Teachers, Postsecondary",93,76,4,99,2200
99,29-1011,Chiropractors,99,65,0,99,3000
99,27-3043,"Poets, Lyricists and Creative Writers",95,55,37,99,2850
98,29-1229,Allergists and Immunologists,88,57,3,98,3060
98,11-1011,Chief Executives,100,80,15,98,0010
98,25-1064,"Geography Teachers, Postsecondary",92,69,29,98,2200
98,25-1125,"History Teachers, Postsecondary",98,70,13,98,2200
98,29-1217,Neurologists,96,82,5,98,3060
98,29-1022,Oral and Maxillofacial Surgeons,90,65,24,98,3010
98,29-1229,Physical Medicine and Rehabilitation Physicians,96,76,5,98,3060
98,53-7081,Refuse and Recyclable Material Collectors,83,64,11,98,9720
97,25-1051,"Atmospheric, Earth, Marine, and Space Sciences Teachers, Postsecondary",92,67,2,97,2200
97,19-1029,Biologists,93,60,40,97,1610
97,47-2041,Carpet Installers,80,81,20,97,6240
97,19-3033,Clinical and Counseling Psychologists,94,67,5,97,1820
97,25-1081,"Education Teachers, Postsecondary",93,63,26,97,2200
97,25-1082,"Library Science Teachers, Postsecondary",99,65,14,97,2200
97,29-1023,Orthodontists,98,65,3,97,3010
97,33-3021,Police Identification and Records Officers,92,75,18,97,3820
97,19-3094,Political Scientists,98,59,25,97,1860
97,29-1223,Psychiatrists,85,76,3,97,3060
97,25-1066,"Psychology Teachers, Postsecondary",92,60,3,97,2200
97,41-9021,Real Estate Brokers,96,73,33,97,4920
97,29-1229,Urologists,95,89,13,97,3060
96,49-2097,Audiovisual Equipment Installers and Repairers,93,58,17,96,7120
96,25-1122,"Communications Teachers, Postsecondary",88,69,19,96,2200
96,45-4021,Fallers,90,46,46,96,6130
96,27-1013,"Fine Artists, Including Painters, Sculptors, and Illustrators",85,59,29,96,2600
96,29-1216,General Internal Medicine Physicians,86,77,11,96,3060
96,25-1071,"Health Specialties Teachers, Postsecondary",91,70,8,96,2200
96,29-1221,"Pediatricians, General",89,54,8,96,3060
96,25-1067,"Sociology Teachers, Postsecondary",95,68,42,96,2200
95,53-2022,Airfield Operations Specialists,91,78,9,95,9040
95,39-2011,Animal Trainers,88,47,23,95,4340
95,39-5011,Barbers,81,35,3,95,4500
95,19-1029,Bioinformatics Scientists,94,61,8,95,1610
95,49-9091,"Coin, Vending, and Amusement Machine Servicers and Repairers",75,51,20,95,7510
95,43-5021,Couriers and Messengers,79,93,5,95,5510
95,41-9091,"Door-to-Door Sales Workers, News and Street Vendors, and Related Workers",94,51,34,95,4950
95,19-3011,Economists,94,61,13,95,1800
95,13-1074,Farm Labor Contractors,99,86,56,95,0630
95,11-1021,General and Operations Managers,95,81,8,95,0020
95,11-3121,Human Resources Managers,93,70,9,95,0136
95,29-1218,Obstetricians and Gynecologists,92,74,10,95,3060
95,25-3021,Self-Enrichment Teachers,84,44,18,95,2340
94,25-1011,"Business Teachers, Postsecondary",93,67,21,94,2200
94,19-3011,Environmental Economists,94,44,12,94,1800
94,33-3031,Fish and Game Wardens,89,74,47,94,3830
94,25-1043,"Forestry and Conservation Science Teachers, Postsecondary",90,71,7,94,2200
94,39-5012,"Hairdressers, Hairstylists, and Cosmetologists",93,60,9,94,4510
94,25-1112,"Law Teachers, Postsecondary",98,61,15,94,2200
94,15-2031,Operations Research Analysts,89,58,5,94,1220
94,29-1241,"Ophthalmologists, Except Pediatric",91,88,4,94,3060
94,29-1123,Physical Therapists,85,81,6,94,3160
94,25-1054,"Physics Teachers, Postsecondary",96,67,12,94,2200
94,29-1081,Podiatrists,84,63,0,94,3120
94,25-1065,"Political Science Teachers, Postsecondary",93,64,13,94,2200
94,53-5031,Ship Engineers,89,76,22,94,9330
94,19-3041,Sociologists,96,54,21,94,1830
94,51-4111,Tool and Die Makers,86,82,1,94,8130
94,29-1131,Veterinarians,82,80,4,94,3250
93,25-1041,"Agricultural Sciences Teachers, Postsecondary",99,65,19,93,2200
93,29-1211,Anesthesiologists,86,75,17,93,3060
93,19-2011,Astronomers,93,50,21,93,1700
93,25-1052,"Chemistry Teachers, Postsecondary",93,70,8,93,2200
93,25-1021,"Computer Science Teachers, Postsecondary",91,76,16,93,2200
93,25-1063,"Economics Teachers, Postsecondary",92,60,21,93,2200
93,25-9021,Farm and Home Management Educators,93,58,33,93,2550
93,33-1012,First-Line Supervisors of Police and Detectives,86,77,16,93,3710
93,45-3031,Fishing and Hunting Workers,81,49,67,93,6050
93,53-7041,Hoist and Winch Operators,89,94,20,93,9560
93,29-1122,"Low Vision Therapists, Orientation and Mobility Specialists, and Vision Rehabilitation Therapists",93,49,13,93,3150
93,29-1151,Nurse Anesthetists,86,78,8,93,3256
93,29-1171,Nurse Practitioners,83,77,5,93,3258
93,29-1041,Optometrists,85,76,0,93,3040
93,29-1071,Physician Assistants,83,84,10,93,3110
93,25-1113,"Social Work Teachers, Postsecondary",91,63,1,93,2200
93,47-2152,Solar Thermal Installers and Technicians,81,85,49,93,6440
92,25-1031,"Architecture Teachers, Postsecondary",88,62,7,92,2200
92,29-1021,"Dentists, General",95,70,8,92,3010
92,39-9011,Nannies,79,39,2,92,4600
92,29-1299,Naturopathic Physicians,87,72,4,92,3260
92,29-1161,Nurse Midwives,78,71,23,92,3257
92,29-1224,Radiologists,76,95,10,92,3060
91,29-1141,Advanced Practice Psychiatric Nurses,85,77,6,91,3255
91,25-1061,"Anthropology and Archeology Teachers, Postsecondary",89,67,22,91,2200
91,25-1062,"Area, Ethnic, and Cultural Studies Teachers, Postsecondary",89,76,10,91,2200
91,49-3091,Bicycle Repairers,87,88,33,91,7260
91,25-1111,"Criminal Justice and Law Enforcement Teachers, Postsecondary",92,68,7,91,2200
91,11-9033,"Education Administrators, Postsecondary",92,74,7,91,0230
91,53-1042,"First-Line Supervisors of Helpers, Laborers, and Material Movers, Hand",88,93,7,91,9000
91,11-9071,Gambling Managers,87,79,1,91,0330
91,19-1029,Geneticists,81,48,10,91,1610
91,11-3051,Geothermal Production Managers,94,80,19,91,0140
91,19-3032,Industrial-Organizational Psychologists,92,69,14,91,1820
91,27-2041,Music Directors and Composers,92,76,27,91,2750
91,25-1126,"Philosophy and Religion Teachers, Postsecondary",88,66,16,91,2200
91,27-2012,Producers and Directors,90,83,28,91,2710
91,25-1193,"Recreation and Fitness Studies Teachers, Postsecondary",95,65,9,91,2200
91,19-3034,School Psychologists,87,78,5,91,1820
91,39-5094,Skincare Specialists,61,30,27,91,4520
91,23-2093,"Title Examiners, Abstractors, and Searchers",92,85,4,91,2160
90,29-1181,Audiologists,80,64,0,90,3140
90,13-1021,"Buyers and Purchasing Agents, Farm Products",92,70,14,90,0510
90,33-3021,Detectives and Criminal Investigators,87,65,19,90,3820
90,11-9032,"Education Administrators, Kindergarten through Secondary",85,73,6,90,0230
90,25-1032,"Engineering Teachers, Postsecondary",91,64,15,90,2200
90,25-1123,"English Language and Literature Teachers, Postsecondary",92,70,10,90,2200
90,47-1011,First-Line Supervisors of Construction Trades and Extraction Workers,91,78,21,90,6200
90,51-3093,Food Cooking Machine Operators and Tenders,94,79,30,90,7850
90,11-9171,Funeral Home Managers,88,78,27,90,0325
90,29-1229,Hospitalists,79,86,16,90,3060
90,53-5022,Motorboat Operators,77,45,57,90,9310
90,25-4013,Museum Technicians and Conservators,84,61,28,90,2400
90,29-1129,Music Therapists,85,61,12,90,3245
90,13-1199,Online Merchants,84,78,7,90,0740
90,29-1222,"Physicians, Pathologists",84,98,0,90,3060
90,33-9021,Private Detectives and Investigators,85,83,23,90,3910
90,53-1042,Recycling Coordinators,93,67,23,90,9000
90,49-9064,Watch and Clock Repairers,92,70,7,90,7430
89,25-2059,Adapted Physical Education Specialists,88,60,5,89,2330
89,41-3011,Advertising Sales Agents,92,87,11,89,4800
89,19-1011,Animal Scientists,90,70,19,89,1600
89,11-3051,Biomass Power Plant Managers,85,78,22,89,0140
89,53-5021,"Captains, Mates, and Pilots of Water Vessels",83,74,34,89,9310
89,47-2031,Carpenters,78,72,30,89,6230
89,49-2011,"Computer, Automated Teller, and Office Machine Repairers",86,81,9,89,7010
89,29-1031,Dietitians and Nutritionists,80,71,7,89,3030
89,47-4021,Elevator and Escalator Installers and Repairers,90,76,21,89,6700
89,11-9013,"Farmers, Ranchers, and Other Agricultural Managers",88,62,37,89,0205
89,33-2022,Forest Fire Inspectors and Prevention Specialists,79,70,49,89,3750
89,29-2092,Hearing Aid Specialists,82,74,1,89,3535
89,19-3093,Historians,88,43,27,89,1860
89,49-9031,Home Appliance Repairers,78,69,11,89,7320
89,11-3051,Hydroelectric Production Managers,87,73,15,89,0140
89,23-1011,Lawyers,77,89,3,89,2100
89,31-9011,Massage Therapists,90,32,27,89,3630
89,27-2012,Media Programming Directors,89,91,4,89,2710
89,29-9099,Midwives,78,45,31,89,3540
89,39-4031,"Morticians, Undertakers, and Funeral Arrangers",92,94,15,89,4465
89,27-3023,"News Analysts, Reporters, and Journalists",83,97,11,89,2810
89,29-1051,Pharmacists,84,84,1,89,3050
89,51-9195,"Potters, Manufacturing",85,50,36,89,8920
89,29-1229,Preventive Medicine Physicians,89,65,7,89,3060
89,49-2021,"Radio, Cellular, and Tower Equipment Installers and Repairers",87,82,19,89,7020
89,41-9022,Real Estate Sales Agents,93,88,43,89,4920
89,51-2041,Structural Metal Fabricators and Fitters,86,79,31,89,7740
89,11-9199,Wind Energy Operations Managers,90,70,26,89,0430
88,23-1021,"Administrative Law Judges, Adjudicators, and Hearing Officers",84,86,1,88,2110
88,11-9041,Architectural and Engineering Managers,88,70,4,88,0300
88,25-1121,"Art, Drama, and Music Teachers, Postsecondary",85,60,9,88,2200
88,13-1041,Coroners,74,70,25,88,0565
88,43-9021,Data Entry Keyers,81,80,16,88,5810
88,43-5032,"Dispatchers, Except Police, Fire, and Ambulance",82,87,23,88,5520
88,47-5023,"Earth Drillers, Except Oil and Gas",77,50,34,88,6820
88,25-1053,"Environmental Science Teachers, Postsecondary",90,65,14,88,2200
88,33-2021,Fire Inspectors and Investigators,90,72,10,88,3750
88,53-2031,Flight Attendants,73,87,39,88,9050
88,19-4092,Forensic Science Technicians,88,67,3,88,1965
88,11-3031,Investment Fund Managers,88,75,2,88,0120
88,11-9081,Lodging Managers,92,84,10,88,0340
88,13-1161,Market Research Analysts and Marketing Specialists,82,76,18,88,0735
88,13-1121,"Meeting, Convention, and Event Planners",93,89,23,88,0725
88,41-2022,Parts Salespersons,82,67,5,88,4750
88,51-8012,Power Distributors and Dispatchers,73,80,28,88,8600
88,33-9099,Retail Loss Prevention Specialists,72,61,7,88,3955
88,41-4012,"Sales Representatives, Wholesale and Manufacturing, Except Technical and Scientific Products",90,70,7,88,4850
88,41-4011,Solar Sales Representatives and Assessors,91,72,19,88,4850
88,47-2022,Stonemasons,75,64,33,88,6220
88,49-9052,Telecommunications Line Installers and Repairers,80,89,18,88,7420
88,27-2023,"Umpires, Referees, and Other Sports Officials",47,51,73,88,2720
88,53-7073,Wellhead Pumpers,90,63,2,88,9650
88,19-1023,Zoologists and Wildlife Biologists,88,55,19,88,1610
87,53-1041,Aircraft Cargo Handling Supervisors,87,92,20,87,9000
87,11-9041,Biofuels/Biodiesel Technology and Product Development Managers,86,62,15,87,0300
87,51-8013,Biomass Plant Technicians,78,62,1,87,8600
87,35-2013,"Cooks, Private Household",90,85,23,87,4020
87,25-4012,Curators,92,56,9,87,2400
87,39-4011,Embalmers,83,94,26,87,4460
87,13-1041,Equal Opportunity Representatives and Officers,89,63,11,87,0565
87,33-1021,First-Line Supervisors of Firefighting and Prevention Workers,80,64,40,87,3720
87,45-4011,Forest and Conservation Workers,80,62,43,87,6120
87,17-2141,Mechanical Engineers,90,71,9,87,1460
87,29-2011,Medical and Clinical Laboratory Technologists,81,96,1,87,3300
87,37-2021,Pest Control Workers,84,79,24,87,4240
87,41-3031,"Securities, Commodities, and Financial Services Sales Agents",85,79,8,87,4820
87,49-2098,Security and Fire Alarm Systems Installers,85,77,12,87,7130
87,29-1127,Speech-Language Pathologists,86,68,2,87,3230
87,49-2022,"Telecommunications Equipment Installers and Repairers, Except Line Installers",69,78,9,87,7020
87,51-8031,Water and Wastewater Treatment Plant and System Operators,91,70,11,87,8620
86,29-1291,Acupuncturists,84,68,12,86,3260
86,33-9011,Animal Control Workers,82,64,23,86,3900
86,29-1129,Art Therapists,86,67,8,86,3245
86,29-9091,Athletic Trainers,76,65,25,86,3540
86,19-2021,Atmospheric and Space Scientists,74,86,28,86,1710
86,27-4011,Audio and Video Technicians,73,72,42,86,2900
86,11-3051,Biofuels Production Managers,78,74,27,86,0140
86,21-1021,"Child, Family, and School Social Workers",85,83,17,86,2010
86,21-2011,Clergy,92,64,16,86,2040
86,11-3021,Computer and Information Systems Managers,94,59,12,86,0110
86,11-9021,Construction Managers,81,75,25,86,0220
86,29-2011,Cytotechnologists,64,69,3,86,3300
86,21-2021,"Directors, Religious Activities and Education",92,68,10,86,2050
86,17-3023,Electrical and Electronic Engineering Technologists and Technicians,82,64,21,86,1550
86,19-2041,"Environmental Scientists and Specialists, Including Health",88,63,24,86,1740
86,25-1192,"Family and Consumer Sciences Teachers, Postsecondary",90,76,21,86,2200
86,45-1011,"First-Line Supervisors of Farming, Fishing, and Forestry Workers",79,69,25,86,6005
86,47-2043,Floor Sanders and Finishers,84,74,23,86,6240
86,21-1091,Health Education Specialists,79,70,15,86,2025
86,49-9021,"Heating, Air Conditioning, and Refrigeration Mechanics and Installers",75,77,27,86,7315
86,13-1032,"Insurance Appraisers, Auto Damage",86,89,23,86,0540
86,13-1075,Labor Relations Specialists,83,75,23,86,0630
86,43-4131,Loan Interviewers and Clerks,87,88,5,86,5330
86,13-2072,Loan Officers,85,78,7,86,0910
86,11-2021,Marketing Managers,91,80,13,86,0050
86,15-2021,Mathematicians,88,48,9,86,1210
86,17-3013,Mechanical Drafters,83,69,10,86,1540
86,17-2199,Microsystems Engineers,86,57,19,86,1530
86,49-9063,Musical Instrument Repairers and Tuners,83,81,23,86,7430
86,29-2033,Nuclear Medicine Technologists,83,78,5,86,3320
86,19-5012,Occupational Health and Safety Technicians,85,66,13,86,3540
86,19-2012,Physicists,88,51,12,86,1700
86,33-3051,Police and Sheriff's Patrol Officers,74,75,9,86,3850
86,49-9097,Signal and Track Switch Repairers,87,72,12,86,7610
86,53-6051,Transportation Inspectors,88,70,45,86,9410
86,15-1254,Web Developers,77,75,13,86,1030
86,11-9199,Wind Energy Development Managers,92,63,23,86,0430
85,29-1141,Acute Care Nurses,83,89,2,85,3255
85,53-6031,Automotive and Watercraft Service Attendants,69,90,11,85,9360
85,53-6051,Aviation Inspectors,85,78,6,85,9410
85,49-9061,Camera and Photographic Equipment Repairers,85,67,14,85,7430
85,25-2023,"Career/Technical Education Teachers, Middle School",82,72,0,85,2310
85,25-1194,"Career/Technical Education Teachers, Postsecondary",83,63,14,85,2200
85,43-4041,"Credit Authorizers, Checkers, and Clerks",88,92,2,85,5230
85,11-9031,"Education and Childcare Administrators, Preschool and Daycare",86,73,1,85,0230
85,47-4011,Energy Auditors,64,76,18,85,6660
85,39-1022,First-Line Supervisors of Personal Service Workers,79,77,3,85,4320
85,47-2042,"Floor Layers, Except Carpet, Wood, and Hard Tiles",81,58,35,85,6240
85,33-9031,Gambling Surveillance Officers and Gambling Investigators,74,54,2,85,3930
85,11-3051,Industrial Production Managers,89,80,16,85,0140
85,47-2132,"Insulation Workers, Mechanical",78,77,24,85,6400
85,21-1013,Marriage and Family Therapists,84,90,14,85,2000
85,49-9062,Medical Equipment Repairers,79,57,20,85,7430
85,19-1042,"Medical Scientists, Except Epidemiologists",79,67,9,85,1650
85,49-3051,Motorboat Mechanics and Service Technicians,71,79,41,85,7240
85,29-1122,Occupational Therapists,88,74,7,85,3150
85,49-3053,Outdoor Power Equipment and Other Small Engine Mechanics,68,67,29,85,7240
85,29-1125,Recreational Therapists,90,66,6,85,3210
85,19-1013,Soil and Plant Scientists,83,58,45,85,1600
85,51-6052,"Tailors, Dressmakers, and Custom Sewers",73,88,19,85,8350
85,27-3042,Technical Writers,63,81,9,85,2840
85,33-3052,Transit and Railroad Police,79,70,37,85,3860
85,37-3013,Tree Trimmers and Pruners,84,68,37,85,4250
85,13-1022,"Wholesale and Retail Buyers, Except Farm Products",88,76,5,85,0520
84,17-2011,Aerospace Engineers,77,64,13,84,1320
84,19-3091,Anthropologists and Archeologists,81,56,42,84,1860
84,25-2032,"Career/Technical Education Teachers, Secondary School",83,70,6,84,2320
84,11-1011,Chief Sustainability Officers,86,62,4,84,0010
84,13-1031,"Claims Adjusters, Examiners, and Investigators",76,83,11,84,0540
84,49-9092,Commercial Divers,76,71,52,84,7520
84,15-1299,Computer Systems Engineers/Architects,79,69,7,84,1107
84,15-1232,Computer User Support Specialists,84,67,2,84,1050
84,47-4011,Construction and Building Inspectors,82,72,15,84,6660
84,51-4031,"Cutting, Punching, and Press Machine Setters, Operators, and Tenders, Metal and Plastic",71,78,13,84,7950
84,19-2041,Environmental Restoration Planners,85,61,32,84,1740
84,49-1011,"First-Line Supervisors of Mechanics, Installers, and Repairers",88,73,26,84,7000
84,19-1032,Foresters,81,55,27,84,1640
84,13-1071,Human Resources Specialists,87,69,1,84,0630
84,53-4011,Locomotive Engineers,72,85,28,84,9200
84,45-4023,Log Graders and Scalers,69,70,24,84,6130
84,11-9199,Loss Prevention Managers,79,73,26,84,0430
84,25-1022,"Mathematical Science Teachers, Postsecondary",74,65,8,84,2200
84,21-1023,Mental Health and Substance Abuse Social Workers,81,85,0,84,2010
84,13-1023,"Purchasing Agents, Except Wholesale, Retail, and Farm Products",85,84,2,84,0530
84,11-9151,Social and Community Service Managers,84,73,10,84,0420
84,25-2057,"Special Education Teachers, Middle School",78,79,10,84,2330
84,25-2058,"Special Education Teachers, Secondary School",80,76,4,84,2330
84,11-3031,Treasurers and Controllers,84,84,8,84,0120
83,53-2011,"Airline Pilots, Copilots, and Flight Engineers",66,89,37,83,9030
83,39-6011,Baggage Porters and Bellhops,71,35,12,83,4530
83,19-1021,Biochemists and Biophysicists,84,58,10,83,1610
83,27-2032,Choreographers,73,74,48,83,2740
83,53-2012,Commercial Pilots,85,73,47,83,9030
83,39-6012,Concierges,84,82,21,83,4530
83,13-1051,Cost Estimators,72,80,28,83,0600
83,19-1041,Epidemiologists,86,65,2,83,1650
83,13-2099,Financial Quantitative Analysts,83,64,11,83,0950
83,35-1012,First-Line Supervisors of Food Preparation and Serving Workers,74,79,40,83,4010
83,51-1011,First-Line Supervisors of Production and Operating Workers,80,88,14,83,7700
83,41-1011,First-Line Supervisors of Retail Sales Workers,79,81,7,83,4700
83,53-7071,Gas Compressor and Gas Pumping Station Operators,83,69,20,83,9650
83,21-1022,Healthcare Social Workers,81,75,2,83,2010
83,17-3026,Industrial Engineering Technologists and Technicians,79,73,8,83,1550
83,13-2053,Insurance Underwriters,77,89,5,83,0860
83,27-2012,Media Technical Directors/Managers,79,97,20,83,2710
83,29-2091,Orthotists and Prosthetists,78,82,13,83,3535
83,29-2099,Patient Representatives,62,52,5,83,3535
83,51-7032,"Patternmakers, Wood",79,79,9,83,8520
83,17-2072,Radio Frequency Identification Device Specialists,81,75,10,83,1410
83,53-4022,"Railroad Brake, Signal, and Switch Operators and Locomotive Firers",64,79,25,83,9230
83,25-2031,"Secondary School Teachers, Except Special and Career/Technical Education",84,69,6,83,2320
83,51-6041,Shoe and Leather Workers and Repairers,79,74,7,83,8330
83,11-9179,Spa Managers,75,63,2,83,0425
83,15-2041,Statisticians,74,64,8,83,1230
83,17-3031,Surveying and Mapping Technicians,72,68,23,83,1560
83,51-2061,Timing Device Assemblers and Adjusters,77,48,13,83,7750
82,53-2021,Air Traffic Controllers,73,60,16,82,9040
82,13-2023,Appraisers and Assessors of Real Estate,74,63,19,82,0810
82,27-1011,Art Directors,86,97,14,82,2600
82,51-8099,Biofuels Processing Technicians,77,73,3,82,8630
82,15-2041,Biostatisticians,78,60,9,82,1230
82,15-2051,Business Intelligence Analysts,86,70,12,82,1240
82,29-1141,Clinical Nurse Specialists,88,68,12,82,3255
82,13-1141,"Compensation, Benefits, and Job Analysis Specialists",89,66,2,82,0640
82,11-9199,Compliance Managers,83,83,7,82,0430
82,15-1231,Computer Network Support Specialists,83,73,11,82,1050
82,51-9162,Computer Numerically Controlled Tool Programmers,73,70,15,82,7900
82,15-1243,Database Architects,76,65,11,82,1060
82,49-9051,Electrical Power-Line Installers and Repairers,74,78,35,82,7410
82,47-2111,Electricians,76,79,22,82,6355
82,43-6011,Executive Secretaries and Executive Administrative Assistants,92,72,4,82,5700
82,51-6092,Fabric and Apparel Patternmakers,80,77,28,82,8440
82,25-1124,"Foreign Language and Literature Teachers, Postsecondary",86,57,0,82,2200
82,47-2121,Glaziers,75,79,30,82,6360
82,17-2112,Human Factors Engineers and Ergonomists,81,69,26,82,1430
82,19-2041,Industrial Ecologists,85,59,20,82,1740
82,17-2112,Industrial Engineers,86,70,1,82,1430
82,49-9011,Mechanical Door Repairers,75,75,25,82,7300
82,17-2199,Mechatronics Engineers,85,70,16,82,1530
82,19-5011,Occupational Health and Safety Specialists,79,61,25,82,3540
82,29-2081,"Opticians, Dispensing",72,76,0,82,3520
82,37-3012,"Pesticide Handlers, Sprayers, and Applicators, Vegetation",70,79,35,82,4250
82,51-8093,"Petroleum Pump System Operators, Refinery Operators, and Gaugers",81,78,6,82,8630
82,51-8013,Power Plant Operators,66,62,8,82,8600
82,19-4012,Precision Agriculture Technicians,70,64,54,82,1900
82,19-1031,Range Managers,85,58,12,82,1640
82,41-4011,"Sales Representatives, Wholesale and Manufacturing, Technical and Scientific Products",93,73,20,82,4850
82,13-1161,Search Marketing Strategists,81,69,2,82,0735
82,51-9012,"Separating, Filtering, Clarifying, Precipitating, and Still Machine Setters, Operators, and Tenders",75,49,22,82,8640
82,27-1014,Special Effects Artists and Animators,67,86,27,82,2600
81,25-3011,"Adult Basic Education, Adult Secondary Education, and English as a Second Language Instructors",84,55,2,81,2340
81,13-1011,"Agents and Business Managers of Artists, Performers, and Athletes",86,91,7,81,0500
81,17-2021,Agricultural Engineers,81,62,21,81,1330
81,27-3011,Broadcast Announcers and Radio Disc Jockeys,85,93,15,81,2800
81,17-2061,Computer Hardware Engineers,76,67,17,81,1400
81,19-1031,Conservation Scientists,73,53,30,81,1640
81,13-2071,Credit Counselors,76,71,6,81,0910
81,33-9091,Crossing Guards and Flaggers,69,30,27,81,3940
81,21-1012,"Educational, Guidance, and Career Counselors and Advisors",82,66,1,81,2000
81,49-2094,"Electrical and Electronics Repairers, Commercial and Industrial Equipment",83,54,29,81,7100
81,11-9161,Emergency Management Directors,80,64,26,81,0425
81,29-1128,Exercise Physiologists,81,54,5,81,3235
81,47-4031,Fence Erectors,88,88,36,81,6710
81,27-1023,Floral Designers,90,78,19,81,2630
81,19-3092,Geographers,77,59,13,81,1860
81,19-2042,"Geoscientists, Except Hydrologists and Geographers",78,61,17,81,1740
81,17-2111,"Health and Safety Engineers, Except Mining Safety Engineers and Inspectors",76,73,14,81,1430
81,25-4022,Librarians and Media Collections Specialists,83,70,10,81,2430
81,49-9095,Manufactured Building and Mobile Home Installers,81,81,24,81,7550
81,25-2022,"Middle School Teachers, Except Special and Career/Technical Education",80,69,4,81,2310
81,19-1031,Park Naturalists,83,68,20,81,1640
81,11-9141,"Property, Real Estate, and Community Association Managers",81,74,20,81,0410
81,19-2099,Remote Sensing Scientists and Technologists,72,55,15,81,1760
81,17-2199,Robotics Engineers,77,73,14,81,1530
81,17-3024,Robotics Technicians,79,67,16,81,1550
81,27-1027,Set and Exhibit Designers,80,80,43,81,2630
81,51-6051,"Sewers, Hand",79,71,35,81,8350
81,27-4014,Sound Engineering Technicians,77,84,41,81,2900
81,27-2012,Talent Directors,89,67,26,81,2710
81,15-1255,Video Game Designers,79,64,22,81,1030
80,51-3011,Bakers,81,83,7,80,7800
80,49-3031,Bus and Truck Mechanics and Diesel Engine Specialists,79,64,14,80,7210
80,43-5011,Cargo and Freight Agents,84,74,27,80,5500
80,51-8091,Chemical Plant and System Operators,64,78,8,80,8630
80,11-9121,Clinical Research Coordinators,75,59,2,80,0360
80,11-3111,Compensation and Benefits Managers,87,68,0,80,0135
80,39-3092,Costume Attendants,79,80,43,80,4430
80,27-3092,Court Reporters and Simultaneous Captioners,85,86,14,80,2160
80,33-3051,Customs and Border Protection Officers,73,72,13,80,3850
80,51-9081,Dental Laboratory Technicians,70,96,18,80,8760
80,29-2032,Diagnostic Medical Sonographers,70,76,9,80,3320
80,35-9021,Dishwashers,73,63,6,80,4140
80,17-2071,Electrical Engineers,77,63,4,80,1410
80,17-2072,"Electronics Engineers, Except Computer",82,65,4,80,1410
80,17-2111,Fire-Prevention and Protection Engineers,76,71,8,80,1430
80,11-9179,Fitness and Wellness Coordinators,86,54,6,80,0425
80,11-9051,Food Service Managers,79,74,5,80,0310
80,43-5011,Freight Forwarders,86,93,9,80,5500
80,13-1131,Fundraisers,85,67,13,80,0726
80,49-9099,Geothermal Technicians,72,65,9,80,7630
80,15-1211,Health Informatics Specialists,81,67,14,80,1006
80,43-4081,"Hotel, Motel, and Resort Desk Clerks",75,55,19,80,5300
80,53-7051,Industrial Truck and Tractor Operators,76,87,21,80,9600
80,15-1299,Information Technology Project Managers,85,83,10,80,1107
80,27-1025,Interior Designers,82,86,10,80,2630
80,49-9094,Locksmiths and Safe Repairers,74,75,29,80,7540
80,13-1081,Logistics Analysts,77,80,7,80,0700
80,13-1111,Management Analysts,81,71,41,80,0710
80,17-2131,Materials Engineers,79,63,12,80,1450
80,49-3042,"Mobile Heavy Equipment Mechanics, Except Engines",69,73,19,80,7220
80,49-3052,Motorcycle Mechanics,82,89,26,80,7240
80,17-2199,Nanosystems Engineers,79,57,11,80,1530
80,29-2099,Neurodiagnostic Technologists,71,86,11,80,3535
80,43-5061,"Production, Planning, and Expediting Clerks",80,87,13,80,5600
80,29-2034,Radiologic Technologists and Technicians,74,68,4,80,3320
80,11-9199,Regulatory Affairs Managers,73,75,9,80,0430
80,47-5012,"Rotary Drill Operators, Oil and Gas",74,78,35,80,6800
80,51-7041,"Sawing Machine Setters, Operators, and Tenders, Wood",76,80,22,80,8530
80,51-8021,Stationary Engineers and Boiler Operators,74,57,15,80,8610
80,13-2082,Tax Preparers,79,77,68,80,0940
80,13-1151,Training and Development Specialists,75,68,7,80,0650
80,39-7012,Travel Guides,84,57,24,80,4540
80,49-9081,Wind Turbine Service Technicians,67,80,34,80,7440
80,27-3043,Writers and Authors,83,91,7,80,2850
79,51-9191,Adhesive Bonding Machine Operators and Tenders,58,78,20,79,8850
79,45-2011,Agricultural Inspectors,74,73,16,79,6010
79,29-1071,Anesthesiologist Assistants,86,70,0,79,3110
79,27-2021,Athletes and Sports Competitors,76,72,75,79,2720
79,49-3021,Automotive Body and Related Repairers,74,88,11,79,7150
79,49-3023,Automotive Service Technicians and Mechanics,74,91,10,79,7200
79,53-6011,Bridge and Lock Tenders,71,53,13,79,9340
79,13-2031,Budget Analysts,75,78,13,79,0820
79,15-1221,Computer and Information Research Scientists,75,68,23,79,1005
79,29-2051,Dietetic Technicians,80,83,1,79,3420
79,49-2096,"Electronic Equipment Installers and Repairers, Motor Vehicles",73,88,7,79,7110
79,43-4061,"Eligibility Interviewers, Government Programs",73,71,3,79,5250
79,17-2199,"Energy Engineers, Except Wind and Solar",76,59,12,79,1530
79,27-1022,Fashion Designers,93,81,4,79,2630
79,11-3031,Financial Managers,80,77,0,79,0120
79,19-4071,Forest and Conservation Technicians,74,72,31,79,1965
79,51-8092,Gas Plant Operators,82,76,10,79,8630
79,19-4043,"Geological Technicians, Except Hydrologic Technicians",76,63,24,79,1930
79,19-2043,Hydrologists,76,59,28,79,1740
79,33-3021,Intelligence Analysts,81,76,9,79,3820
79,37-2011,"Janitors and Cleaners, Except Maids and Housekeeping Cleaners",77,65,13,79,4220
79,25-2012,"Kindergarten Teachers, Except Special Education",71,69,2,79,2300
79,25-4031,Library Technicians,82,62,12,79,2440
79,51-4041,Machinists,72,81,3,79,8030
79,29-2035,Magnetic Resonance Imaging Technologists,67,74,6,79,3320
79,19-2032,Materials Scientists,80,57,10,79,1720
79,17-2151,"Mining and Geological Engineers, Including Mining Safety Engineers",79,64,8,79,1500
79,25-1072,"Nursing Instructors and Teachers, Postsecondary",80,70,5,79,2200
79,29-1299,Orthoptists,75,64,4,79,3260
79,27-4021,Photographers,77,73,46,79,2910
79,47-2152,"Plumbers, Pipefitters, and Steamfitters",78,76,16,79,6440
79,51-5112,Printing Press Operators,76,95,19,79,8255
79,21-1092,Probation Officers and Correctional Treatment Specialists,75,85,13,79,2015
79,29-1124,Radiation Therapists,71,87,3,79,3200
79,33-9032,Security Guards,66,50,4,79,3930
79,47-5013,"Service Unit Operators, Oil and Gas",74,84,47,79,6800
79,43-5071,"Shipping, Receiving, and Inventory Clerks",84,89,1,79,5610
79,17-1022,Surveyors,65,71,23,79,1310
79,11-3071,"Transportation, Storage, and Distribution Managers",75,85,15,79,0160
79,17-2112,Validation Engineers,78,75,13,79,1430
79,11-9121,Water Resource Specialists,79,63,7,79,0360
79,15-1299,Web Administrators,84,69,3,79,1107
78,11-3012,Administrative Services Managers,76,68,6,78,0100
78,25-4011,Archivists,78,48,2,78,2400
78,17-2031,Bioengineers and Biomedical Engineers,77,63,5,78,1340
78,19-2041,Climate Change Policy Analysts,77,57,11,78,1740
78,49-9012,"Control and Valve Installers and Repairers, Except Mechanical Door",69,76,14,78,7300
78,49-2092,"Electric Motor, Power Tool, and Related Repairers",73,76,13,78,7040
78,33-2011,Firefighters,78,72,36,78,3740
78,33-1011,First-Line Supervisors of Correctional Officers,73,79,7,78,3700
78,37-1012,"First-Line Supervisors of Landscaping, Lawn Service, and Groundskeeping Workers",83,82,66,78,4210
78,53-1043,First-Line Supervisors of Material-Moving Machine and Vehicle Operators,77,89,13,78,9000
78,47-3012,Helpers--Carpenters,75,75,19,78,6600
78,47-5081,Helpers--Extraction Workers,76,62,32,78,6940
78,51-9061,"Inspectors, Testers, Sorters, Samplers, and Weighers",75,68,13,78,8740
78,17-2121,Marine Engineers and Naval Architects,75,72,21,78,1440
78,27-1026,Merchandise Displayers and Window Trimmers,68,69,21,78,2630
78,51-7031,"Model Makers, Wood",80,81,14,78,8520
78,17-3026,Nanotechnology Engineering Technologists and Technicians,75,63,9,78,1550
78,11-9121,Natural Sciences Managers,85,57,5,78,0360
78,31-2011,Occupational Therapy Assistants,73,76,8,78,3610
78,47-2142,Paperhangers,77,76,23,78,6430
78,49-3043,Rail Car Repairers,68,75,15,78,7220
78,39-9032,Recreation Workers,84,58,10,78,4620
78,29-1141,Registered Nurses,75,75,7,78,3255
78,11-2022,Sales Managers,77,68,15,78,0050
78,13-2081,"Tax Examiners and Collectors, and Revenue Agents",71,67,8,78,0930
78,15-1241,Telecommunications Engineering Specialists,74,76,19,78,1106
77,17-3021,Aerospace Engineering and Operations Technologists and Technicians,67,87,19,77,1550
77,19-4012,Agricultural Technicians,70,66,38,77,1900
77,53-3011,"Ambulance Drivers and Attendants, Except Emergency Medical Technicians",78,70,22,77,9110
77,15-2099,Bioinformatics Technicians,73,60,30,77,1240
77,17-1021,Cartographers and Photogrammetrists,74,74,6,77,1310
77,17-2041,Chemical Engineers,79,61,12,77,1350
77,51-2021,"Coil Winders, Tapers, and Finishers",68,79,7,77,7720
77,15-1243,Data Warehousing Specialists,73,58,3,77,1060
77,27-3041,Editors,80,89,6,77,2830
77,51-9194,Etchers and Engravers,80,81,25,77,8910
77,47-5022,"Excavating and Loading Machine and Dragline Operators, Surface Mining",73,65,30,77,9510
77,49-3041,Farm Equipment Mechanics and Service Technicians,75,52,29,77,7220
77,27-4032,Film and Video Editors,60,93,2,77,2920
77,53-3032,Heavy and Tractor-Trailer Truck Drivers,69,84,36,77,9130
77,27-3091,Interpreters and Translators,61,76,15,77,2860
77,51-9071,Jewelers and Precious Stone and Metal Workers,76,83,23,77,8750
77,49-9071,"Maintenance and Repair Workers, General",84,68,15,77,7340
77,15-1244,Network and Computer Systems Administrators,79,70,14,77,1105
77,31-1132,Orderlies,70,81,4,77,3600
77,21-1015,Rehabilitation Counselors,77,79,5,77,2000
77,19-4099,Remote Sensing Technicians,62,71,22,77,1965
77,47-4091,Segmental Pavers,68,77,35,77,6765
77,47-4071,Septic Tank Servicers and Sewer Pipe Cleaners,69,71,18,77,6750
77,25-2051,"Special Education Teachers, Preschool",66,52,6,77,2330
77,19-3022,Survey Researchers,74,76,13,77,1815
77,39-7011,Tour Guides and Escorts,73,60,43,77,4540
77,11-3131,Training and Development Managers,83,74,11,77,0137
77,53-6051,"Transportation Vehicle, Equipment and Systems Inspectors, Except Aviation",75,81,9,77,9410
76,13-2011,Accountants and Auditors,79,80,14,76,0800
76,11-2011,Advertising and Promotions Managers,81,85,10,76,0040
76,49-3011,Aircraft Mechanics and Service Technicians,78,80,24,76,7140
76,35-3023,Baristas,61,29,13,76,4040
76,35-3011,Bartenders,62,19,2,76,4040
76,39-9011,Childcare Workers,77,62,5,76,4600
76,27-2022,Coaches and Scouts,79,67,34,76,2720
76,15-1241,Computer Network Architects,77,59,10,76,1106
76,47-5041,Continuous Mining Machine Operators,71,60,7,76,6840
76,41-9011,Demonstrators and Product Promoters,66,71,23,76,4900
76,39-1013,First-Line Supervisors of Gambling Services Workers,66,50,12,76,4300
76,41-1012,First-Line Supervisors of Non-Retail Sales Workers,80,91,31,76,4710
76,43-1011,First-Line Supervisors of Office and Administrative Support Workers,85,76,2,76,5000
76,29-9092,Genetic Counselors,74,73,0,76,3540
76,15-1299,Geographic Information Systems Technologists and Technicians,73,62,3,76,1107
76,51-9195,"Glass Blowers, Molders, Benders, and Finishers",71,59,1,76,8920
76,25-9031,Instructional Coordinators,78,66,0,76,2550
76,45-4022,Logging Equipment Operators,71,55,25,76,6130
76,13-1081,Logisticians,72,86,9,76,0700
76,43-9051,"Mail Clerks and Mail Machine Operators, Except Postal Service",85,78,2,76,5850
76,11-9111,Medical and Health Services Managers,78,88,0,76,0350
76,31-9093,Medical Equipment Preparers,70,82,6,76,3655
76,47-2072,Pile Driver Operators,63,66,36,76,6310
76,47-2151,Pipelayers,71,81,39,76,6440
76,19-4099,Quality Control Analysts,81,70,8,76,1965
76,11-3051,Quality Control Systems Managers,82,81,13,76,0140
76,43-4181,Reservation and Transportation Ticket Agents and Travel Clerks,42,87,25,76,5410
76,47-1011,Solar Energy Installation Managers,72,65,23,76,6200
76,43-9111,Statistical Assistants,74,66,2,76,5920
76,11-3071,Supply Chain Managers,80,86,15,76,0160
76,25-9044,"Teaching Assistants, Postsecondary",80,62,32,76,2540
76,51-2092,Team Assemblers,64,88,8,76,7750
76,41-3041,Travel Agents,83,68,8,76,4830
76,17-2199,Wind Energy Engineers,80,68,13,76,1530
75,51-9011,Chemical Equipment Operators and Tenders,71,76,7,75,8640
75,19-2031,Chemists,77,72,10,75,1720
75,33-3012,Correctional Officers and Jailers,67,79,11,75,3800
75,53-7021,Crane and Tower Operators,74,70,18,75,9510
75,29-1292,Dental Hygienists,78,69,0,75,3310
75,51-4032,"Drilling and Boring Machine Tool Setters, Operators, and Tenders, Metal and Plastic",64,72,8,75,7960
75,47-2081,Drywall and Ceiling Tile Installers,74,68,28,75,6330
75,39-9031,Exercise Trainers and Group Fitness Instructors,78,51,19,75,4620
75,13-2099,"Fraud Examiners, Investigators and Analysts",79,64,16,75,0950
75,17-1022,Geodetic Surveyors,70,58,30,75,1310
75,13-1041,Government Property Inspectors and Investigators,75,73,7,75,0565
75,43-4161,"Human Resources Assistants, Except Payroll and Timekeeping",81,82,3,75,5360
75,15-1212,Information Security Analysts,77,65,5,75,1007
75,17-2112,Manufacturing Engineers,74,66,12,75,1430
75,17-3027,Mechanical Engineering Technologists and Technicians,70,77,4,75,1550
75,39-3021,Motion Picture Projectionists,64,64,8,75,4430
75,47-2073,Operating Engineers and Other Construction Equipment Operators,79,76,54,75,6320
75,51-9083,Ophthalmic Laboratory Technicians,83,90,11,75,8760
75,13-2052,Personal Financial Advisors,82,71,7,75,0850
75,17-2199,Photonics Engineers,78,57,13,75,1530
75,43-3061,Procurement Clerks,89,83,14,75,5150
75,43-9081,Proofreaders and Copy Markers,56,93,17,75,5910
75,47-4061,Rail-Track Laying and Maintenance Equipment Operators,77,73,24,75,6740
75,47-2082,Tapers,73,73,29,75,6330
75,47-2044,Tile and Stone Setters,69,80,27,75,6240
75,49-3093,Tire Repairers and Changers,67,79,18,75,7260
75,53-6041,Traffic Technicians,66,81,10,75,9420
74,47-2021,Brickmasons and Blockmasons,75,77,42,74,6220
74,21-1094,Community Health Workers,77,61,27,74,2025
74,41-2021,Counter and Rental Clerks,65,57,14,74,4740
74,47-5011,"Derrick Operators, Oil and Gas",73,55,29,74,6800
74,13-1041,Environmental Compliance Inspectors,75,66,3,74,0565
74,45-2093,"Farmworkers, Farm, Ranch, and Aquacultural Animals",73,34,35,74,6050
74,27-1024,Graphic Designers,78,89,19,74,2630
74,47-2131,"Insulation Workers, Floor, Ceiling, and Wall",62,76,34,74,6400
74,43-6012,Legal Secretaries and Administrative Assistants,84,90,0,74,5700
74,51-4061,"Model Makers, Metal and Plastic",53,78,18,74,8060
74,51-4072,"Molding, Coremaking, and Casting Machine Setters, Operators, and Tenders, Metal and Plastic",71,74,10,74,8100
74,11-9131,Postmasters and Mail Superintendents,72,98,7,74,0400
74,51-5111,Prepress Technicians and Workers,71,98,4,74,8250
74,29-2053,Psychiatric Technicians,71,83,14,74,3420
74,27-3031,Public Relations Specialists,77,85,13,74,2825
74,53-7072,"Pump Operators, Except Wellhead Pumpers",77,58,14,74,9650
74,53-4013,"Rail Yard Engineers, Dinkey Operators, and Hostlers",58,62,37,74,9200
74,21-1093,Social and Human Service Assistants,77,78,8,74,2016
74,17-2199,Solar Energy Systems Engineers,69,65,34,74,1530
74,47-2231,Solar Photovoltaic Installers,53,72,35,74,6540
74,17-2051,Transportation Engineers,80,69,17,74,1360
73,13-1199,Business Continuity Planners,74,61,16,73,0740
73,29-2031,Cardiovascular Technologists and Technicians,77,83,8,73,3320
73,17-3022,Civil Engineering Technologists and Technicians,66,60,9,73,1550
73,17-2051,Civil Engineers,75,75,17,73,1360
73,27-1012,Craft Artists,76,65,26,73,2600
73,43-9031,Desktop Publishers,76,88,2,73,5830
73,19-1012,Food Scientists and Technologists,64,62,11,73,1600
73,51-8013,Hydroelectric Plant Technicians,68,71,20,73,8600
73,49-9041,Industrial Machinery Mechanics,63,67,15,73,7330
73,17-1012,Landscape Architects,72,71,13,73,1300
73,43-4121,"Library Assistants, Clerical",75,60,1,73,5320
73,49-9043,"Maintenance Workers, Machinery",68,75,22,73,7350
73,39-5091,"Makeup Artists, Theatrical and Performance",77,86,48,73,4520
73,39-5092,Manicurists and Pedicurists,62,31,19,73,4520
73,19-1029,Molecular and Cellular Biologists,76,58,10,73,1610
73,51-4081,"Multiple Machine Tool Setters, Operators, and Tenders, Metal and Plastic",60,87,18,73,8120
73,29-2057,Ophthalmic Medical Technicians,65,58,0,73,3420
73,29-2099,Ophthalmic Medical Technologists,64,61,3,73,3535
73,17-2171,Petroleum Engineers,88,67,6,73,1520
73,31-2022,Physical Therapist Aides,72,39,3,73,3620
73,31-2021,Physical Therapist Assistants,87,63,1,73,3620
73,51-4193,"Plating Machine Setters, Operators, and Tenders, Metal and Plastic",55,99,5,73,8200
73,11-3061,Purchasing Managers,72,81,0,73,0150
73,49-9096,Riggers,67,90,25,73,7560
73,15-1253,Software Quality Assurance Analysts and Testers,70,74,4,73,1020
73,43-2011,"Switchboard Operators, Including Answering Service",74,58,3,73,5010
73,53-7121,"Tank Car, Truck, and Ship Loaders",72,87,15,73,9740
73,19-3099,Transportation Planners,73,67,9,73,1860
73,25-3041,Tutors,78,68,18,73,2340
72,17-1011,"Architects, Except Landscape and Naval",72,66,12,72,1300
72,43-4011,Brokerage Clerks,78,90,2,72,5200
72,51-9193,Cooling and Freezing Equipment Operators and Tenders,74,77,24,72,8900
72,43-4021,Correspondence Clerks,82,80,4,72,5210
72,29-1141,Critical Care Nurses,75,81,11,72,3255
72,25-2021,"Elementary School Teachers, Except Special Education",75,70,4,72,2310
72,51-4033,"Grinding, Lapping, Polishing, and Buffing Machine Tool Setters, Operators, and Tenders, Metal and Plastic",77,83,7,72,8000
72,41-3021,Insurance Sales Agents,78,88,19,72,4810
72,39-3093,"Locker Room, Coatroom, and Dressing Room Attendants",66,56,9,72,4430
72,29-2012,Medical and Clinical Laboratory Technicians,73,70,6,72,3300
72,51-9082,Medical Appliance Technicians,82,85,15,72,8760
72,43-4171,Receptionists and Information Clerks,74,69,9,72,5400
72,29-1126,Respiratory Therapists,74,77,12,72,3220
72,19-4061,Social Science Research Assistants,72,46,1,72,1950
72,17-2051,Water/Wastewater Engineers,71,68,9,72,1360
71,17-2141,Automotive Engineers,79,73,13,71,1460
71,49-2091,Avionics Technicians,71,89,11,71,7030
71,19-4021,Biological Technicians,69,58,26,71,1910
71,27-4012,Broadcast Technicians,72,73,27,71,2900
71,19-4031,Chemical Technicians,53,84,7,71,1920
71,31-9099,Endoscopy Technicians,67,69,7,71,3655
71,49-9098,"Helpers--Installation, Maintenance, and Repair Workers",68,61,23,71,7610
71,51-4034,"Lathe and Turning Machine Tool Setters, Operators, and Tenders, Metal and Plastic",70,71,5,71,8010
71,33-9092,"Lifeguards, Ski Patrol, and Other Recreational Protective Service Workers",67,50,15,71,3955
71,51-4051,Metal-Refining Furnace Operators and Tenders,63,60,6,71,8040
71,43-5041,"Meter Readers, Utilities",64,74,21,71,5530
71,51-9023,"Mixing and Blending Machine Setters, Operators, and Tenders",72,87,15,71,8650
71,17-3029,Non-Destructive Testing Specialists,65,73,38,71,1550
71,31-9097,Phlebotomists,68,86,5,71,3649
71,17-3029,Photonics Technicians,64,74,22,71,1550
71,43-5031,Public Safety Telecommunicators,68,60,6,71,5520
71,53-4031,Railroad Conductors and Yardmasters,59,60,45,71,9240
71,39-9041,Residential Advisors,77,67,15,71,4640
71,47-5071,"Roustabouts, Oil and Gas",68,86,24,71,6920
71,41-9031,Sales Engineers,76,68,17,71,4930
71,47-2211,Sheet Metal Workers,65,77,13,71,6520
70,15-1299,Document Management Specialists,73,68,3,70,1107
70,53-7031,Dredge Operators,61,50,17,70,9520
70,51-2022,Electrical and Electronic Equipment Assemblers,67,87,19,70,7720
70,17-3012,Electrical and Electronics Drafters,70,83,15,70,1540
70,35-3041,"Food Servers, Nonrestaurant",72,86,19,70,4120
70,51-4022,"Forging Machine Setters, Operators, and Tenders, Metal and Plastic",63,87,7,70,7930
70,51-7021,Furniture Finishers,51,71,13,70,8510
70,13-1081,Logistics Engineers,76,74,8,70,0700
70,43-6013,Medical Secretaries and Administrative Assistants,76,74,1,70,5700
70,21-1014,Mental Health Counselors,73,75,1,70,2000
70,51-4062,"Patternmakers, Metal and Plastic",71,88,11,70,8060
70,43-3051,Payroll and Timekeeping Clerks,87,80,5,70,5140
70,49-9045,"Refractory Materials Repairers, Except Brickmasons",47,92,13,70,7330
70,13-1041,Regulatory Affairs Specialists,73,69,8,70,0565
70,47-2181,Roofers,74,80,43,70,6515
70,43-6014,"Secretaries and Administrative Assistants, Except Legal, Medical, and Executive",82,77,0,70,5700
70,31-9099,Speech-Language Pathology Assistants,67,67,4,70,3655
70,29-2055,Surgical Technologists,78,71,5,70,3420
70,19-3051,Urban and Regional Planners,78,63,12,70,1840
69,33-3011,Bailiffs,58,56,9,69,3800
69,43-3031,"Bookkeeping, Accounting, and Auditing Clerks",70,72,1,69,5120
69,11-9199,Brownfield Redevelopment Specialists and Site Managers,75,66,18,69,0430
69,35-2015,"Cooks, Short Order",74,59,14,69,4020
69,13-2041,Credit Analysts,80,80,5,69,0830
69,17-2081,Environmental Engineers,69,64,17,69,1420
69,47-5032,"Explosives Workers, Ordnance Handling Experts, and Blasters",65,84,40,69,6830
69,17-2141,Fuel Cell Engineers,73,55,9,69,1460
69,43-4111,"Interviewers, Except Eligibility and Loan",69,80,8,69,5310
69,53-7062,"Laborers and Freight, Stock, and Material Movers, Hand",66,85,30,69,9620
69,29-2061,Licensed Practical and Licensed Vocational Nurses,74,85,5,69,3500
69,53-3033,Light Truck Drivers,61,86,16,69,9130
69,47-5044,"Loading and Moving Machine Operators, Underground Mining",74,58,8,69,6910
69,31-9094,Medical Transcriptionists,81,78,2,69,3646
69,31-2012,Occupational Therapy Aides,66,78,0,69,3610
69,33-3041,Parking Enforcement Workers,62,46,10,69,3840
69,49-3092,Recreational Vehicle Service Technicians,62,78,26,69,7260
69,13-1199,Sustainability Specialists,79,64,9,69,0740
69,51-4194,"Tool Grinders, Filers, and Sharpeners",69,76,17,69,8210
69,51-7042,"Woodworking Machine Setters, Operators, and Tenders, Except Sawing",68,74,5,69,8540
68,35-1011,Chefs and Head Cooks,67,94,31,68,4000
68,15-2051,Clinical Data Managers,78,74,10,68,1240
68,27-1021,Commercial and Industrial Designers,69,76,29,68,2630
68,51-9161,Computer Numerically Controlled Tool Operators,72,87,11,68,7900
68,49-2093,"Electrical and Electronics Installers and Repairers, Transportation Equipment",74,87,1,68,7050
68,51-4021,"Extruding and Drawing Machine Setters, Operators, and Tenders, Metal and Plastic",50,85,14,68,7920
68,51-3092,Food Batchmakers,44,80,6,68,7840
68,19-1022,Microbiologists,65,82,11,68,1610
68,41-9012,Models,42,17,54,68,4900
67,15-2011,Actuaries,73,66,5,67,1200
67,17-3011,Architectural and Civil Drafters,64,85,4,67,1540
67,43-3021,Billing and Posting Clerks,78,84,0,67,5110
67,53-3052,"Bus Drivers, Transit and Intercity",45,71,9,67,9120
67,13-1041,Compliance Officers,58,63,18,67,0565
67,15-1211,Computer Systems Analysts,78,74,4,67,1006
67,29-2011,Cytogenetic Technologists,62,95,5,67,3300
67,51-2031,Engine and Other Machine Assemblers,65,83,24,67,7730
67,51-6091,"Extruding and Forming Machine Setters, Operators, and Tenders, Synthetic and Glass Fibers",65,72,10,67,8430
67,19-4013,Food Science Technicians,58,77,6,67,1900
67,51-9198,Helpers--Production Workers,60,77,4,67,8950
67,43-9041,Insurance Claims and Policy Processing Clerks,77,73,1,67,5840
67,23-1012,Judicial Law Clerks,72,77,0,67,2105
67,19-4051,Nuclear Monitoring Technicians,66,63,11,67,1940
67,23-2011,Paralegals and Legal Assistants,76,79,6,67,2145
67,31-9095,Pharmacy Aides,74,62,0,67,3647
67,53-7065,Stockers and Order Fillers,64,68,12,67,5620
67,47-2221,Structural Iron and Steel Workers,64,81,29,67,6530
67,43-3071,Tellers,69,63,4,67,5160
67,39-3031,"Ushers, Lobby Attendants, and Ticket Takers",42,37,40,67,4420
67,43-9022,Word Processors and Typists,82,74,0,67,5820
66,39-2021,Animal Caretakers,70,58,2,66,4350
66,47-2011,Boilermakers,72,77,20,66,6210
66,51-7011,Cabinetmakers and Bench Carpenters,64,78,22,66,8500
66,53-7061,Cleaners of Vehicles and Equipment,62,85,10,66,9610
66,35-2012,"Cooks, Institution and Cafeteria",72,85,3,66,4020
66,13-1041,Customs Brokers,63,95,8,66,0565
66,17-3024,Electro-Mechanical and Mechatronics Technologists and Technicians,57,88,15,66,1550
66,51-2023,Electromechanical Equipment Assemblers,62,70,7,66,7720
66,19-4042,"Environmental Science and Protection Technicians, Including Health",61,77,28,66,1930
66,37-1011,First-Line Supervisors of Housekeeping and Janitorial Workers,69,84,10,66,4200
66,43-4151,Order Clerks,82,72,4,66,5350
66,51-9123,"Painting, Coating, and Decorating Workers",73,47,2,66,8810
66,31-1122,Personal Care Aides,76,65,12,66,4610
66,39-5093,Shampooers,61,58,1,66,4520
66,21-1011,Substance Abuse and Behavioral Disorder Counselors,73,87,12,66,2000
65,51-2011,"Aircraft Structure, Surfaces, Rigging, and Systems Assemblers",71,63,10,65,7710
65,51-3021,Butchers and Meat Cutters,63,78,6,65,7810
65,43-4031,"Court, Municipal, and License Clerks",75,80,3,65,5220
65,51-9032,"Cutting and Slicing Machine Setters, Operators, and Tenders",65,73,9,65,8710
65,47-3013,Helpers--Electricians,47,75,38,65,6600
65,49-9044,Millwrights,67,86,52,65,7360
65,43-9071,"Office Machine Operators, Except Computer",57,85,12,65,5900
65,51-9111,Packaging and Filling Machine Operators and Tenders,65,86,14,65,8800
65,29-2056,Veterinary Technologists and Technicians,71,74,11,65,3420
64,17-3027,Automotive Engineering Technicians,58,70,15,64,1550
64,17-3025,Environmental Engineering Technologists and Technicians,69,63,15,64,1550
64,51-9041,"Extruding, Forming, Pressing, and Compacting Machine Setters, Operators, and Tenders",53,73,21,64,8720
64,51-3091,"Food and Tobacco Roasting, Baking, and Drying Machine Operators and Tenders",54,76,11,64,7830
64,51-9051,"Furnace, Kiln, Oven, Drier, and Kettle Operators and Tenders",67,46,5,64,8730
64,17-2161,Nuclear Engineers,59,68,15,64,1510
64,25-2011,"Preschool Teachers, Except Special Education",65,52,0,64,2300
64,51-4023,"Rolling Machine Setters, Operators, and Tenders, Metal and Plastic",69,84,19,64,7940
63,15-1242,Database Administrators,63,60,Not available,63,1060
63,31-9091,Dental Assistants,61,61,0,63,3640
63,49-2095,"Electrical and Electronics Repairers, Powerhouse, Substation, and Relay",67,79,31,63,7100
63,13-2061,Financial Examiners,65,65,7,63,0900
63,47-4051,Highway Maintenance Workers,59,68,46,63,6730
63,47-2141,"Painters, Construction and Maintenance",53,72,25,63,6420
63,51-9151,Photographic Process Workers and Processing Machine Operators,68,75,17,63,8830
63,53-7062,Recycling and Reclamation Workers,65,63,10,63,9620
63,29-9093,Surgical Assistants,78,58,18,63,3540
63,43-5111,"Weighers, Measurers, Checkers, and Samplers, Recordkeeping",63,82,10,63,5630
62,39-3091,Amusement and Recreation Attendants,53,25,40,62,4430
62,45-2092,"Farmworkers and Laborers, Crop, Nursery, and Greenhouse",65,58,65,62,6050
62,31-1121,Home Health Aides,66,61,5,62,3600
62,35-9031,"Hosts and Hostesses, Restaurant, Lounge, and Coffee Shop",68,33,14,62,4150
62,51-4192,"Layout Workers, Metal and Plastic",58,91,10,62,8160
62,31-9096,Veterinary Assistants and Laboratory Animal Caretakers,63,70,10,62,3648
61,27-2011,Actors,47,90,55,61,2700
61,49-3022,Automotive Glass Installers and Repairers,52,85,29,61,7160
61,27-4031,"Camera Operators, Television, Video, and Film",65,73,19,61,2920
61,15-1251,Computer Programmers,60,76,2,61,1010
61,27-2031,Dancers,55,49,40,61,2740
61,53-3031,Driver/Sales Workers,75,98,9,61,9130
61,35-3023,Fast Food and Counter Workers,58,62,10,61,4040
61,39-4021,Funeral Attendants,63,84,31,61,4460
61,51-4035,"Milling and Planing Machine Setters, Operators, and Tenders, Metal and Plastic",55,81,12,61,8020
61,51-9196,"Paper Goods Machine Setters, Operators, and Tenders",54,82,10,61,8930
61,47-2071,"Paving, Surfacing, and Tamping Equipment Operators",70,62,59,61,6300
61,51-5113,Print Binding and Finishing Workers,62,72,18,61,8256
61,41-2031,Retail Salespersons,77,61,8,61,4760
61,41-9041,Telemarketers,61,54,4,61,4940
61,47-4099,Weatherization Installers and Technicians,65,71,25,61,6765
61,51-4122,"Welding, Soldering, and Brazing Machine Setters, Operators, and Tenders",56,76,10,61,8140
60,43-4051,Customer Service Representatives,77,79,6,60,5240
60,35-2021,Food Preparation Workers,53,85,12,60,4030
60,43-5052,Postal Service Mail Carriers,42,78,9,60,5550
60,47-5051,"Rock Splitters, Quarry",45,40,39,60,6940
59,47-2051,Cement Masons and Concrete Finishers,65,69,39,59,6250
59,47-2061,Construction Laborers,55,78,58,59,6260
59,47-3014,"Helpers--Painters, Paperhangers, Plasterers, and Stucco Masons",60,66,36,59,6600
59,51-9141,Semiconductor Processing Technicians,55,72,2,59,8840
59,51-9195,"Stone Cutters and Carvers, Manufacturing",73,81,2,59,8920
58,51-9022,"Grinding and Polishing Workers, Hand",61,74,18,58,8650
58,47-4041,Hazardous Materials Removal Workers,54,72,41,58,6720
58,51-9195,"Molders, Shapers, and Casters, Except Metal and Plastic",49,78,15,58,8920
58,43-4141,New Accounts Clerks,62,74,0,58,5340
58,51-6042,Shoe Machine Operators and Tenders,38,50,40,58,8340
57,51-9124,"Coating, Painting, and Spraying Machine Setters, Operators, and Tenders",40,79,13,57,8810
57,35-2014,"Cooks, Restaurant",60,77,34,57,4020
57,51-9021,"Crushing, Grinding, and Polishing Machine Setters, Operators, and Tenders",52,58,41,57,8650
57,51-4071,Foundry Mold and Coremakers,45,77,21,57,8100
57,51-4191,"Heat Treating Equipment Setters, Operators, and Tenders, Metal and Plastic",65,90,7,57,8150
57,27-2042,Musicians and Singers,43,71,46,57,2750
57,43-9061,"Office Clerks, General",68,69,1,57,5860
57,29-2052,Pharmacy Technicians,63,82,10,57,3420
56,43-3011,Bill and Account Collectors,59,73,0,56,5100
56,41-2011,Cashiers,54,47,11,56,4720
56,51-9192,"Cleaning, Washing, and Metal Pickling Equipment Operators and Tenders",60,77,2,56,8860
56,43-3041,Gambling Cage Workers,52,57,8,56,5130
56,31-9092,Medical Assistants,67,70,0,56,3645
56,53-7064,"Packers and Packagers, Hand",59,81,19,56,9640
56,47-2161,Plasterers and Stucco Masons,50,56,48,56,6460
56,43-5053,"Postal Service Mail Sorters, Processors, and Processing Machine Operators",53,92,6,56,5560
56,51-4052,"Pourers and Casters, Metal",46,81,5,56,8040
56,31-1133,Psychiatric Aides,67,70,3,56,3600
55,45-2091,Agricultural Equipment Operators,72,60,34,55,6050
55,47-3016,Helpers--Roofers,45,53,32,55,6600
55,37-2012,Maids and Housekeeping Cleaners,59,73,11,55,4230
55,51-6093,Upholsterers,66,72,11,55,8450
54,53-7011,Conveyor Operators and Tenders,76,76,8,54,9500
54,51-9031,"Cutters and Trimmers, Hand",61,69,17,54,8710
54,19-4051,Nuclear Technicians,58,64,5,54,1940
54,47-2171,Reinforcing Iron and Rebar Workers,62,86,27,54,6500
54,51-6061,Textile Bleaching and Dyeing Machine Operators and Tenders,56,58,7,54,8360
53,35-9011,Dining Room and Cafeteria Attendants and Bartender Helpers,54,47,30,53,4130
53,41-2012,Gambling Change Persons and Booth Cashiers,57,60,6,53,4720
53,31-1131,Nursing Assistants,66,68,9,53,3600
53,43-5051,Postal Service Clerks,48,67,11,53,5540
53,51-3023,Slaughterers and Meat Packers,61,49,18,53,7810
53,51-4121,"Welders, Cutters, Solderers, and Brazers",61,75,10,53,8140
52,35-2011,"Cooks, Fast Food",30,57,26,52,4020
52,39-3012,Gambling and Sports Book Writers and Runners,56,43,4,52,4400
52,47-3011,"Helpers--Brickmasons, Blockmasons, Stonemasons, and Tile and Marble Setters",70,86,41,52,6600
52,47-3015,"Helpers--Pipelayers, Plumbers, Pipefitters, and Steamfitters",42,71,29,52,6600
52,53-5011,Sailors and Marine Oilers,67,75,36,52,9300
52,51-6062,"Textile Cutting Machine Setters, Operators, and Tenders",34,72,5,52,8400
52,51-6064,"Textile Winding, Twisting, and Drawing Out Machine Setters, Operators, and Tenders",48,57,4,52,8420
51,51-2051,Fiberglass Laminators and Fabricators,39,90,20,51,7750
51,51-8011,Nuclear Power Reactor Operators,51,82,10,51,8600
51,47-2053,Terrazzo Workers and Finishers,58,82,30,51,6250
50,53-7063,Machine Feeders and Offbearers,53,68,14,50,9630
50,51-6031,Sewing Machine Operators,57,69,19,50,8320
50,33-9093,Transportation Security Screeners,41,60,15,50,3945
48,45-2041,"Graders and Sorters, Agricultural Products",41,80,22,48,6040
48,51-6011,Laundry and Dry-Cleaning Workers,55,73,11,48,8300
48,53-6021,Parking Attendants,60,50,16,48,9350
48,47-5043,"Roof Bolters, Mining",46,95,4,48,6910
47,43-4071,File Clerks,69,65,0,47,5260
47,51-9071,Gem and Diamond Workers,59,68,35,47,8750
46,53-6061,Passenger Attendants,38,48,23,46,9415
46,35-3031,Waiters and Waitresses,48,47,24,46,4110
45,53-4041,Subway and Streetcar Operators,38,71,7,45,9260
45,43-2021,Telephone Operators,27,52,15,45,5020
42,51-6021,"Pressers, Textile, Garment, and Related Materials",74,74,23,42,8310
42,51-9197,Tire Builders,36,79,28,42,8940
40,51-3022,"Meat, Poultry, and Fish Cutters and Trimmers",47,90,2,40,7810
40,51-6063,"Textile Knitting and Weaving Machine Setters, Operators, and Tenders",44,49,15,40,8410
38,37-3011,Landscaping and Groundskeeping Workers,54,57,27,38,4250
35,39-3011,Gambling Dealers,39,33,16,35,4400
